"","representative","taxID","taxon","rank","score","kingdom","phylum","class","order","family","genus","species"
"1","ASV1",30724,"Clupea pallasii","species",NA,"Metazoa","Chordata","Actinopteri","Clupeiformes","Clupeidae","Clupea","Clupea pallasii"
"2","ASV2",8017,"Oncorhynchus gorbuscha","species",NA,"Metazoa","Chordata","Actinopteri","Salmoniformes","Salmonidae","Oncorhynchus","Oncorhynchus gorbuscha"
"3","ASV3",34820,"Sebastes","genus",NA,"Metazoa","Chordata","Actinopteri","Perciformes","Sebastidae","Sebastes",""
"4","ASV4",8018,"Oncorhynchus keta","species",NA,"Metazoa","Chordata","Actinopteri","Salmoniformes","Salmonidae","Oncorhynchus","Oncorhynchus keta"
"5","ASV5",186623,"Actinopteri","class",1,"Metazoa","Chordata","Actinopteri","","","",""
"6","ASV6",1042646,"Gadus chalcogrammus","species",NA,"Metazoa","Chordata","Actinopteri","Gadiformes","Gadidae","Gadus","Gadus chalcogrammus"
"7","ASV7",8256,"Pleuronectidae","family",NA,"Metazoa","Chordata","Actinopteri","Pleuronectiformes","Pleuronectidae","",""
"8","ASV8",557346,"Leuroglossus schmidti","species",NA,"Metazoa","Chordata","Actinopteri","Argentiniformes","Bathylagidae","Leuroglossus","Leuroglossus schmidti"
"9","ASV9",8016,"Oncorhynchus","genus",NA,"Metazoa","Chordata","Actinopteri","Salmoniformes","Salmonidae","Oncorhynchus",""
"10","ASV10",186623,"Actinopteri","class",1,"Metazoa","Chordata","Actinopteri","","","",""
"11","ASV11",34820,"Sebastes","genus",NA,"Metazoa","Chordata","Actinopteri","Perciformes","Sebastidae","Sebastes",""
"12","ASV12",41871,"Acipenser fulvescens","species",NA,"Metazoa","Chordata","Actinopteri","Acipenseriformes","Acipenseridae","Acipenser","Acipenser fulvescens"
"13","ASV13",557346,"Leuroglossus schmidti","species",NA,"Metazoa","Chordata","Actinopteri","Argentiniformes","Bathylagidae","Leuroglossus","Leuroglossus schmidti"
"14","ASV14",34820,"Sebastes","genus",NA,"Metazoa","Chordata","Actinopteri","Perciformes","Sebastidae","Sebastes",""
"15","ASV15",80720,"Gadus macrocephalus","species",NA,"Metazoa","Chordata","Actinopteri","Gadiformes","Gadidae","Gadus","Gadus macrocephalus"
"16","ASV16",980344,"Stichaeus punctatus","species",NA,"Metazoa","Chordata","Actinopteri","Perciformes","Stichaeidae","Stichaeus","Stichaeus punctatus"
"17","ASV17",181459,"Aptocyclus ventricosus","species",NA,"Metazoa","Chordata","Actinopteri","Perciformes","Cyclopteridae","Aptocyclus","Aptocyclus ventricosus"
"18","ASV18",30724,"Clupea pallasii","species",NA,"Metazoa","Chordata","Actinopteri","Clupeiformes","Clupeidae","Clupea","Clupea pallasii"
"19","ASV19",8048,"Gadus","genus",NA,"Metazoa","Chordata","Actinopteri","Gadiformes","Gadidae","Gadus",""
"20","ASV20",8048,"Gadus","genus",NA,"Metazoa","Chordata","Actinopteri","Gadiformes","Gadidae","Gadus",""
"21","ASV21",320590,"Zaprora silenus","species",NA,"Metazoa","Chordata","Actinopteri","Perciformes","Zaproridae","Zaprora","Zaprora silenus"
"22","ASV22",72067,"Sebastes crameri","species",NA,"Metazoa","Chordata","Actinopteri","Perciformes","Sebastidae","Sebastes","Sebastes crameri"
"23","ASV23",8045,"Gadidae","family",NA,"Metazoa","Chordata","Actinopteri","Gadiformes","Gadidae","",""
"24","ASV24",320622,"Anoplarchus","genus",NA,"Metazoa","Chordata","Actinopteri","Perciformes","Stichaeidae","Anoplarchus",""
"25","ASV25",1188226,"Bathymaster caeruleofasciatus","species",NA,"Metazoa","Chordata","Actinopteri","Perciformes","Bathymasteridae","Bathymaster","Bathymaster caeruleofasciatus"
"26","ASV26",186623,"Actinopteri","class",1,"Metazoa","Chordata","Actinopteri","","","",""
"27","ASV27",72059,"Sebastes babcocki","species",NA,"Metazoa","Chordata","Actinopteri","Perciformes","Sebastidae","Sebastes","Sebastes babcocki"
"28","ASV28",186623,"Actinopteri","class",1,"Metazoa","Chordata","Actinopteri","","","",""
"29","ASV29",8092,"Cottidae","family",NA,"Metazoa","Chordata","Actinopteri","Perciformes","Cottidae","",""
"30","ASV30",186623,"Actinopteri","class",1,"Metazoa","Chordata","Actinopteri","","","",""
"31","ASV31",557414,"Poroclinus rothrocki","species",NA,"Metazoa","Chordata","Actinopteri","Perciformes","Stichaeidae","Poroclinus","Poroclinus rothrocki"
"32","ASV32",240832,"Thaleichthys pacificus","species",NA,"Metazoa","Chordata","Actinopteri","Osmeriformes","Osmeridae","Thaleichthys","Thaleichthys pacificus"
"33","ASV33",84620,"Ammodytes","genus",NA,"Metazoa","Chordata","Actinopteri","Uranoscopiformes","Ammodytidae","Ammodytes",""
"34","ASV34",182445,"Leuroglossus","genus",NA,"Metazoa","Chordata","Actinopteri","Argentiniformes","Bathylagidae","Leuroglossus",""
"35","ASV35",186623,"Actinopteri","class",1,"Metazoa","Chordata","Actinopteri","","","",""
"36","ASV36",186623,"Actinopteri","class",1,"Metazoa","Chordata","Actinopteri","","","",""
"37","ASV37",186623,"Actinopteri","class",1,"Metazoa","Chordata","Actinopteri","","","",""
"38","ASV38",274705,"Sebastinae","subfamily",NA,"Metazoa","Chordata","Actinopteri","Perciformes","Sebastidae","",""
"39","ASV39",186623,"Actinopteri","class",1,"Metazoa","Chordata","Actinopteri","","","",""
"40","ASV40",8048,"Gadus","genus",NA,"Metazoa","Chordata","Actinopteri","Gadiformes","Gadidae","Gadus",""
"41","ASV41",186623,"Actinopteri","class",1,"Metazoa","Chordata","Actinopteri","","","",""
"42","ASV42",433399,"Artedius harringtoni","species",NA,"Metazoa","Chordata","Actinopteri","Perciformes","Cottidae","Artedius","Artedius harringtoni"
"43","ASV43",186623,"Actinopteri","class",1,"Metazoa","Chordata","Actinopteri","","","",""
"44","ASV44",274807,"Bathymaster","genus",NA,"Metazoa","Chordata","Actinopteri","Perciformes","Bathymasteridae","Bathymaster",""
"45","ASV45",30960,"Mallotus villosus","species",NA,"Metazoa","Chordata","Actinopteri","Osmeriformes","Salangidae","Mallotus","Mallotus villosus"
"46","ASV46",30892,"Stichaeidae","family",NA,"Metazoa","Chordata","Actinopteri","Perciformes","Stichaeidae","",""
"47","ASV47",34820,"Sebastes","genus",NA,"Metazoa","Chordata","Actinopteri","Perciformes","Sebastidae","Sebastes",""
"48","ASV48",186623,"Actinopteri","class",1,"Metazoa","Chordata","Actinopteri","","","",""
"49","ASV49",186623,"Actinopteri","class",1,"Metazoa","Chordata","Actinopteri","","","",""
"50","ASV50",8016,"Oncorhynchus","genus",NA,"Metazoa","Chordata","Actinopteri","Salmoniformes","Salmonidae","Oncorhynchus",""
"51","ASV51",8256,"Pleuronectidae","family",NA,"Metazoa","Chordata","Actinopteri","Pleuronectiformes","Pleuronectidae","",""
"52","ASV52",195612,"Glyptocephalus zachirus","species",NA,"Metazoa","Chordata","Actinopteri","Pleuronectiformes","Pleuronectidae","Glyptocephalus","Glyptocephalus zachirus"
"53","ASV53",557408,"Lumpenella longirostris","species",NA,"Metazoa","Chordata","Actinopteri","Perciformes","Stichaeidae","Lumpenella","Lumpenella longirostris"
"54","ASV54",186623,"Actinopteri","class",1,"Metazoa","Chordata","Actinopteri","","","",""
"55","ASV55",69293,"Gasterosteus aculeatus","species",NA,"Metazoa","Chordata","Actinopteri","Perciformes","Gasterosteidae","Gasterosteus","Gasterosteus aculeatus"
"56","ASV56",428030,"Ronquilus jordani","species",NA,"Metazoa","Chordata","Actinopteri","Perciformes","Bathymasteridae","Ronquilus","Ronquilus jordani"
"57","ASV57",238837,"Hemilepidotus","genus",NA,"Metazoa","Chordata","Actinopteri","Perciformes","Cottidae","Hemilepidotus",""
"58","ASV58",72449,"Hexagrammos","genus",NA,"Metazoa","Chordata","Actinopteri","Perciformes","Hexagrammidae","Hexagrammos",""
"59","ASV59",274705,"Sebastinae","subfamily",NA,"Metazoa","Chordata","Actinopteri","Perciformes","Sebastidae","",""
"60","ASV60",186623,"Actinopteri","class",1,"Metazoa","Chordata","Actinopteri","","","",""
"61","ASV61",283367,"Pholis laeta","species",NA,"Metazoa","Chordata","Actinopteri","Perciformes","Pholidae","Pholis","Pholis laeta"
"62","ASV62",274705,"Sebastinae","subfamily",NA,"Metazoa","Chordata","Actinopteri","Perciformes","Sebastidae","",""
"63","ASV63",8045,"Gadidae","family",NA,"Metazoa","Chordata","Actinopteri","Gadiformes","Gadidae","",""
"64","ASV64",8092,"Cottidae","family",NA,"Metazoa","Chordata","Actinopteri","Perciformes","Cottidae","",""
"65","ASV65",30892,"Stichaeidae","family",NA,"Metazoa","Chordata","Actinopteri","Perciformes","Stichaeidae","",""
"66","ASV66",186623,"Actinopteri","class",1,"Metazoa","Chordata","Actinopteri","","","",""
"67","ASV67",186623,"Actinopteri","class",1,"Metazoa","Chordata","Actinopteri","","","",""
"68","ASV68",186623,"Actinopteri","class",1,"Metazoa","Chordata","Actinopteri","","","",""
"69","ASV69",8016,"Oncorhynchus","genus",NA,"Metazoa","Chordata","Actinopteri","Salmoniformes","Salmonidae","Oncorhynchus",""
"70","ASV70",186623,"Actinopteri","class",1,"Metazoa","Chordata","Actinopteri","","","",""
"71","ASV71",186623,"Actinopteri","class",1,"Metazoa","Chordata","Actinopteri","","","",""
"72","ASV72",186623,"Actinopteri","class",1,"Metazoa","Chordata","Actinopteri","","","",""
"73","ASV73",348696,"Prosopium cylindraceum","species",NA,"Metazoa","Chordata","Actinopteri","Salmoniformes","Salmonidae","Prosopium","Prosopium cylindraceum"
"74","ASV74",186623,"Actinopteri","class",1,"Metazoa","Chordata","Actinopteri","","","",""
"75","ASV75",300346,"Hypomesus pretiosus","species",NA,"Metazoa","Chordata","Actinopteri","Osmeriformes","Osmeridae","Hypomesus","Hypomesus pretiosus"
"76","ASV76",8048,"Gadus","genus",NA,"Metazoa","Chordata","Actinopteri","Gadiformes","Gadidae","Gadus",""
"77","ASV77",89058,"Microstomus pacificus","species",NA,"Metazoa","Chordata","Actinopteri","Pleuronectiformes","Pleuronectidae","Microstomus","Microstomus pacificus"
"78","ASV78",8016,"Oncorhynchus","genus",NA,"Metazoa","Chordata","Actinopteri","Salmoniformes","Salmonidae","Oncorhynchus",""
"79","ASV79",8256,"Pleuronectidae","family",NA,"Metazoa","Chordata","Actinopteri","Pleuronectiformes","Pleuronectidae","",""
"80","ASV80",182445,"Leuroglossus","genus",NA,"Metazoa","Chordata","Actinopteri","Argentiniformes","Bathylagidae","Leuroglossus",""
"81","ASV81",186623,"Actinopteri","class",1,"Metazoa","Chordata","Actinopteri","","","",""
"82","ASV82",274705,"Sebastinae","subfamily",NA,"Metazoa","Chordata","Actinopteri","Perciformes","Sebastidae","",""
"83","ASV83",186623,"Actinopteri","class",1,"Metazoa","Chordata","Actinopteri","","","",""
"84","ASV84",8019,"Oncorhynchus kisutch","species",NA,"Metazoa","Chordata","Actinopteri","Salmoniformes","Salmonidae","Oncorhynchus","Oncorhynchus kisutch"
"85","ASV85",186623,"Actinopteri","class",1,"Metazoa","Chordata","Actinopteri","","","",""
"86","ASV86",186623,"Actinopteri","class",1,"Metazoa","Chordata","Actinopteri","","","",""
"87","ASV87",200681,"Malacocottus","genus",NA,"Metazoa","Chordata","Actinopteri","Perciformes","Psychrolutidae","Malacocottus",""
"88","ASV88",186623,"Actinopteri","class",1,"Metazoa","Chordata","Actinopteri","","","",""
"89","ASV89",1,"root","no rank",1,"","","","","","",""
"90","ASV90",274705,"Sebastinae","subfamily",NA,"Metazoa","Chordata","Actinopteri","Perciformes","Sebastidae","",""
"91","ASV91",186623,"Actinopteri","class",1,"Metazoa","Chordata","Actinopteri","","","",""
"92","ASV92",74940,"Oncorhynchus tshawytscha","species",NA,"Metazoa","Chordata","Actinopteri","Salmoniformes","Salmonidae","Oncorhynchus","Oncorhynchus tshawytscha"
"93","ASV93",186623,"Actinopteri","class",1,"Metazoa","Chordata","Actinopteri","","","",""
"94","ASV94",34820,"Sebastes","genus",NA,"Metazoa","Chordata","Actinopteri","Perciformes","Sebastidae","Sebastes",""
"95","ASV95",186623,"Actinopteri","class",1,"Metazoa","Chordata","Actinopteri","","","",""
"96","ASV96",34820,"Sebastes","genus",NA,"Metazoa","Chordata","Actinopteri","Perciformes","Sebastidae","Sebastes",""
"97","ASV97",186623,"Actinopteri","class",1,"Metazoa","Chordata","Actinopteri","","","",""
"98","ASV98",8016,"Oncorhynchus","genus",NA,"Metazoa","Chordata","Actinopteri","Salmoniformes","Salmonidae","Oncorhynchus",""
"99","ASV99",186623,"Actinopteri","class",1,"Metazoa","Chordata","Actinopteri","","","",""
"100","ASV100",8022,"Oncorhynchus mykiss","species",NA,"Metazoa","Chordata","Actinopteri","Salmoniformes","Salmonidae","Oncorhynchus","Oncorhynchus mykiss"
"101","ASV101",186623,"Actinopteri","class",1,"Metazoa","Chordata","Actinopteri","","","",""
"102","ASV102",182445,"Leuroglossus","genus",NA,"Metazoa","Chordata","Actinopteri","Argentiniformes","Bathylagidae","Leuroglossus",""
"103","ASV103",72449,"Hexagrammos","genus",NA,"Metazoa","Chordata","Actinopteri","Perciformes","Hexagrammidae","Hexagrammos",""
"104","ASV104",72449,"Hexagrammos","genus",NA,"Metazoa","Chordata","Actinopteri","Perciformes","Hexagrammidae","Hexagrammos",""
"105","ASV105",186623,"Actinopteri","class",1,"Metazoa","Chordata","Actinopteri","","","",""
"106","ASV106",186623,"Actinopteri","class",1,"Metazoa","Chordata","Actinopteri","","","",""
"107","ASV107",8256,"Pleuronectidae","family",NA,"Metazoa","Chordata","Actinopteri","Pleuronectiformes","Pleuronectidae","",""
"108","ASV108",186623,"Actinopteri","class",1,"Metazoa","Chordata","Actinopteri","","","",""
"109","ASV109",428033,"Atheresthes","genus",NA,"Metazoa","Chordata","Actinopteri","Pleuronectiformes","Pleuronectidae","Atheresthes",""
"110","ASV110",8039,"Salvelinus malma","species",NA,"Metazoa","Chordata","Actinopteri","Salmoniformes","Salmonidae","Salvelinus","Salvelinus malma"
"111","ASV111",186623,"Actinopteri","class",1,"Metazoa","Chordata","Actinopteri","","","",""
"112","ASV112",34820,"Sebastes","genus",NA,"Metazoa","Chordata","Actinopteri","Perciformes","Sebastidae","Sebastes",""
"113","ASV113",8016,"Oncorhynchus","genus",NA,"Metazoa","Chordata","Actinopteri","Salmoniformes","Salmonidae","Oncorhynchus",""
"114","ASV114",8048,"Gadus","genus",NA,"Metazoa","Chordata","Actinopteri","Gadiformes","Gadidae","Gadus",""
"115","ASV115",8092,"Cottidae","family",NA,"Metazoa","Chordata","Actinopteri","Perciformes","Cottidae","",""
"116","ASV116",8257,"Limanda","genus",NA,"Metazoa","Chordata","Actinopteri","Pleuronectiformes","Pleuronectidae","Limanda",""
"117","ASV117",8256,"Pleuronectidae","family",NA,"Metazoa","Chordata","Actinopteri","Pleuronectiformes","Pleuronectidae","",""
"118","ASV118",8048,"Gadus","genus",NA,"Metazoa","Chordata","Actinopteri","Gadiformes","Gadidae","Gadus",""
"119","ASV119",186623,"Actinopteri","class",1,"Metazoa","Chordata","Actinopteri","","","",""
"120","ASV120",186623,"Actinopteri","class",1,"Metazoa","Chordata","Actinopteri","","","",""
"121","ASV121",186623,"Actinopteri","class",1,"Metazoa","Chordata","Actinopteri","","","",""
"122","ASV122",186623,"Actinopteri","class",1,"Metazoa","Chordata","Actinopteri","","","",""
"123","ASV123",27706,"Micropterus salmoides","species",NA,"Metazoa","Chordata","Actinopteri","Centrarchiformes","Centrarchidae","Micropterus","Micropterus salmoides"
"124","ASV124",260508,"Spirinchus thaleichthys","species",NA,"Metazoa","Chordata","Actinopteri","Osmeriformes","Osmeridae","Spirinchus","Spirinchus thaleichthys"
"125","ASV125",186623,"Actinopteri","class",1,"Metazoa","Chordata","Actinopteri","","","",""
"126","ASV126",8256,"Pleuronectidae","family",NA,"Metazoa","Chordata","Actinopteri","Pleuronectiformes","Pleuronectidae","",""
"127","ASV127",8256,"Pleuronectidae","family",NA,"Metazoa","Chordata","Actinopteri","Pleuronectiformes","Pleuronectidae","",""
"128","ASV128",320617,"Enophrys bison","species",NA,"Metazoa","Chordata","Actinopteri","Perciformes","Cottidae","Enophrys","Enophrys bison"
"129","ASV129",8256,"Pleuronectidae","family",NA,"Metazoa","Chordata","Actinopteri","Pleuronectiformes","Pleuronectidae","",""
"130","ASV130",186623,"Actinopteri","class",1,"Metazoa","Chordata","Actinopteri","","","",""
"131","ASV131",186623,"Actinopteri","class",1,"Metazoa","Chordata","Actinopteri","","","",""
"132","ASV132",186623,"Actinopteri","class",1,"Metazoa","Chordata","Actinopteri","","","",""
"133","ASV133",8256,"Pleuronectidae","family",NA,"Metazoa","Chordata","Actinopteri","Pleuronectiformes","Pleuronectidae","",""
"134","ASV134",186623,"Actinopteri","class",1,"Metazoa","Chordata","Actinopteri","","","",""
"135","ASV135",186623,"Actinopteri","class",1,"Metazoa","Chordata","Actinopteri","","","",""
"136","ASV136",8016,"Oncorhynchus","genus",NA,"Metazoa","Chordata","Actinopteri","Salmoniformes","Salmonidae","Oncorhynchus",""
"137","ASV137",8016,"Oncorhynchus","genus",NA,"Metazoa","Chordata","Actinopteri","Salmoniformes","Salmonidae","Oncorhynchus",""
"138","ASV138",8256,"Pleuronectidae","family",NA,"Metazoa","Chordata","Actinopteri","Pleuronectiformes","Pleuronectidae","",""
"139","ASV139",8016,"Oncorhynchus","genus",NA,"Metazoa","Chordata","Actinopteri","Salmoniformes","Salmonidae","Oncorhynchus",""
"140","ASV140",182230,"Osmerinae","subfamily",NA,"Metazoa","Chordata","Actinopteri","Osmeriformes","Osmeridae","",""
"141","ASV141",186623,"Actinopteri","class",1,"Metazoa","Chordata","Actinopteri","","","",""
"142","ASV142",34818,"Glyptocephalus","genus",NA,"Metazoa","Chordata","Actinopteri","Pleuronectiformes","Pleuronectidae","Glyptocephalus",""
"143","ASV143",182230,"Osmerinae","subfamily",NA,"Metazoa","Chordata","Actinopteri","Osmeriformes","Osmeridae","",""
"144","ASV144",186623,"Actinopteri","class",1,"Metazoa","Chordata","Actinopteri","","","",""
"145","ASV145",186623,"Actinopteri","class",1,"Metazoa","Chordata","Actinopteri","","","",""
"146","ASV146",72449,"Hexagrammos","genus",NA,"Metazoa","Chordata","Actinopteri","Perciformes","Hexagrammidae","Hexagrammos",""
"147","ASV147",8045,"Gadidae","family",NA,"Metazoa","Chordata","Actinopteri","Gadiformes","Gadidae","",""
"148","ASV148",186623,"Actinopteri","class",1,"Metazoa","Chordata","Actinopteri","","","",""
"149","ASV149",8048,"Gadus","genus",NA,"Metazoa","Chordata","Actinopteri","Gadiformes","Gadidae","Gadus",""
"150","ASV150",182230,"Osmerinae","subfamily",NA,"Metazoa","Chordata","Actinopteri","Osmeriformes","Osmeridae","",""
"151","ASV151",186623,"Actinopteri","class",1,"Metazoa","Chordata","Actinopteri","","","",""
"152","ASV152",8092,"Cottidae","family",NA,"Metazoa","Chordata","Actinopteri","Perciformes","Cottidae","",""
"153","ASV153",8048,"Gadus","genus",NA,"Metazoa","Chordata","Actinopteri","Gadiformes","Gadidae","Gadus",""
"154","ASV154",34820,"Sebastes","genus",NA,"Metazoa","Chordata","Actinopteri","Perciformes","Sebastidae","Sebastes",""
"155","ASV155",1,"root","no rank",1,"","","","","","",""
"156","ASV156",8256,"Pleuronectidae","family",NA,"Metazoa","Chordata","Actinopteri","Pleuronectiformes","Pleuronectidae","",""
"157","ASV157",186623,"Actinopteri","class",1,"Metazoa","Chordata","Actinopteri","","","",""
"158","ASV158",186623,"Actinopteri","class",1,"Metazoa","Chordata","Actinopteri","","","",""
"159","ASV159",8266,"Hippoglossus","genus",NA,"Metazoa","Chordata","Actinopteri","Pleuronectiformes","Pleuronectidae","Hippoglossus",""
"160","ASV160",8045,"Gadidae","family",NA,"Metazoa","Chordata","Actinopteri","Gadiformes","Gadidae","",""
"161","ASV161",186623,"Actinopteri","class",1,"Metazoa","Chordata","Actinopteri","","","",""
"162","ASV162",186623,"Actinopteri","class",1,"Metazoa","Chordata","Actinopteri","","","",""
"163","ASV163",186623,"Actinopteri","class",1,"Metazoa","Chordata","Actinopteri","","","",""
"164","ASV164",6072,"Eumetazoa","no rank",1,"Metazoa","","","","","",""
"165","ASV165",34820,"Sebastes","genus",NA,"Metazoa","Chordata","Actinopteri","Perciformes","Sebastidae","Sebastes",""
"166","ASV166",186623,"Actinopteri","class",1,"Metazoa","Chordata","Actinopteri","","","",""
"167","ASV167",186623,"Actinopteri","class",1,"Metazoa","Chordata","Actinopteri","","","",""
"168","ASV168",186623,"Actinopteri","class",1,"Metazoa","Chordata","Actinopteri","","","",""
"169","ASV169",8256,"Pleuronectidae","family",NA,"Metazoa","Chordata","Actinopteri","Pleuronectiformes","Pleuronectidae","",""
"170","ASV170",8048,"Gadus","genus",NA,"Metazoa","Chordata","Actinopteri","Gadiformes","Gadidae","Gadus",""
"171","ASV171",8045,"Gadidae","family",NA,"Metazoa","Chordata","Actinopteri","Gadiformes","Gadidae","",""
"172","ASV172",186623,"Actinopteri","class",1,"Metazoa","Chordata","Actinopteri","","","",""
"173","ASV173",8048,"Gadus","genus",NA,"Metazoa","Chordata","Actinopteri","Gadiformes","Gadidae","Gadus",""
"174","ASV174",186623,"Actinopteri","class",1,"Metazoa","Chordata","Actinopteri","","","",""
"175","ASV175",186623,"Actinopteri","class",1,"Metazoa","Chordata","Actinopteri","","","",""
"176","ASV176",186623,"Actinopteri","class",1,"Metazoa","Chordata","Actinopteri","","","",""
"177","ASV177",186623,"Actinopteri","class",1,"Metazoa","Chordata","Actinopteri","","","",""
"178","ASV178",8016,"Oncorhynchus","genus",NA,"Metazoa","Chordata","Actinopteri","Salmoniformes","Salmonidae","Oncorhynchus",""
"179","ASV179",186623,"Actinopteri","class",1,"Metazoa","Chordata","Actinopteri","","","",""
"180","ASV180",186623,"Actinopteri","class",1,"Metazoa","Chordata","Actinopteri","","","",""
"181","ASV181",186623,"Actinopteri","class",1,"Metazoa","Chordata","Actinopteri","","","",""
"182","ASV182",8092,"Cottidae","family",NA,"Metazoa","Chordata","Actinopteri","Perciformes","Cottidae","",""
"183","ASV183",186623,"Actinopteri","class",1,"Metazoa","Chordata","Actinopteri","","","",""
"184","ASV184",40674,"Mammalia","class",1,"Metazoa","Chordata","Mammalia","","","",""
"185","ASV185",186623,"Actinopteri","class",1,"Metazoa","Chordata","Actinopteri","","","",""
"186","ASV186",8016,"Oncorhynchus","genus",NA,"Metazoa","Chordata","Actinopteri","Salmoniformes","Salmonidae","Oncorhynchus",""
"187","ASV187",186623,"Actinopteri","class",1,"Metazoa","Chordata","Actinopteri","","","",""
"188","ASV188",8256,"Pleuronectidae","family",NA,"Metazoa","Chordata","Actinopteri","Pleuronectiformes","Pleuronectidae","",""
"189","ASV189",186623,"Actinopteri","class",1,"Metazoa","Chordata","Actinopteri","","","",""
"190","ASV190",8092,"Cottidae","family",NA,"Metazoa","Chordata","Actinopteri","Perciformes","Cottidae","",""
"191","ASV191",40674,"Mammalia","class",1,"Metazoa","Chordata","Mammalia","","","",""
"192","ASV192",8256,"Pleuronectidae","family",NA,"Metazoa","Chordata","Actinopteri","Pleuronectiformes","Pleuronectidae","",""
"193","ASV193",186623,"Actinopteri","class",1,"Metazoa","Chordata","Actinopteri","","","",""
"194","ASV194",186623,"Actinopteri","class",1,"Metazoa","Chordata","Actinopteri","","","",""
"195","ASV195",186623,"Actinopteri","class",1,"Metazoa","Chordata","Actinopteri","","","",""
"196","ASV196",182230,"Osmerinae","subfamily",NA,"Metazoa","Chordata","Actinopteri","Osmeriformes","Osmeridae","",""
"197","ASV197",186623,"Actinopteri","class",1,"Metazoa","Chordata","Actinopteri","","","",""
"198","ASV198",186623,"Actinopteri","class",1,"Metazoa","Chordata","Actinopteri","","","",""
"199","ASV199",186623,"Actinopteri","class",1,"Metazoa","Chordata","Actinopteri","","","",""
"200","ASV200",8256,"Pleuronectidae","family",NA,"Metazoa","Chordata","Actinopteri","Pleuronectiformes","Pleuronectidae","",""
"201","ASV201",34820,"Sebastes","genus",NA,"Metazoa","Chordata","Actinopteri","Perciformes","Sebastidae","Sebastes",""
"202","ASV202",186623,"Actinopteri","class",1,"Metazoa","Chordata","Actinopteri","","","",""
"203","ASV203",186623,"Actinopteri","class",1,"Metazoa","Chordata","Actinopteri","","","",""
"204","ASV204",6072,"Eumetazoa","no rank",1,"Metazoa","","","","","",""
"205","ASV205",8256,"Pleuronectidae","family",NA,"Metazoa","Chordata","Actinopteri","Pleuronectiformes","Pleuronectidae","",""
"206","ASV206",186623,"Actinopteri","class",1,"Metazoa","Chordata","Actinopteri","","","",""
"207","ASV207",8016,"Oncorhynchus","genus",NA,"Metazoa","Chordata","Actinopteri","Salmoniformes","Salmonidae","Oncorhynchus",""
"208","ASV208",8256,"Pleuronectidae","family",NA,"Metazoa","Chordata","Actinopteri","Pleuronectiformes","Pleuronectidae","",""
"209","ASV209",186623,"Actinopteri","class",1,"Metazoa","Chordata","Actinopteri","","","",""
"210","ASV210",72449,"Hexagrammos","genus",NA,"Metazoa","Chordata","Actinopteri","Perciformes","Hexagrammidae","Hexagrammos",""
"211","ASV211",186623,"Actinopteri","class",1,"Metazoa","Chordata","Actinopteri","","","",""
"212","ASV212",186623,"Actinopteri","class",1,"Metazoa","Chordata","Actinopteri","","","",""
"213","ASV213",6072,"Eumetazoa","no rank",1,"Metazoa","","","","","",""
"214","ASV214",8012,"Osmeridae","family",NA,"Metazoa","Chordata","Actinopteri","Osmeriformes","Osmeridae","",""
"215","ASV215",186623,"Actinopteri","class",1,"Metazoa","Chordata","Actinopteri","","","",""
"216","ASV216",8256,"Pleuronectidae","family",NA,"Metazoa","Chordata","Actinopteri","Pleuronectiformes","Pleuronectidae","",""
"217","ASV217",186623,"Actinopteri","class",1,"Metazoa","Chordata","Actinopteri","","","",""
"218","ASV218",8092,"Cottidae","family",NA,"Metazoa","Chordata","Actinopteri","Perciformes","Cottidae","",""
"219","ASV219",8048,"Gadus","genus",NA,"Metazoa","Chordata","Actinopteri","Gadiformes","Gadidae","Gadus",""
"220","ASV220",8256,"Pleuronectidae","family",NA,"Metazoa","Chordata","Actinopteri","Pleuronectiformes","Pleuronectidae","",""
"221","ASV221",8256,"Pleuronectidae","family",NA,"Metazoa","Chordata","Actinopteri","Pleuronectiformes","Pleuronectidae","",""
"222","ASV222",186623,"Actinopteri","class",1,"Metazoa","Chordata","Actinopteri","","","",""
"223","ASV223",274705,"Sebastinae","subfamily",NA,"Metazoa","Chordata","Actinopteri","Perciformes","Sebastidae","",""
"224","ASV224",186623,"Actinopteri","class",1,"Metazoa","Chordata","Actinopteri","","","",""
"225","ASV225",8048,"Gadus","genus",NA,"Metazoa","Chordata","Actinopteri","Gadiformes","Gadidae","Gadus",""
"226","ASV226",8092,"Cottidae","family",NA,"Metazoa","Chordata","Actinopteri","Perciformes","Cottidae","",""
"227","ASV227",186623,"Actinopteri","class",1,"Metazoa","Chordata","Actinopteri","","","",""
"228","ASV228",8016,"Oncorhynchus","genus",NA,"Metazoa","Chordata","Actinopteri","Salmoniformes","Salmonidae","Oncorhynchus",""
"229","ASV229",186623,"Actinopteri","class",1,"Metazoa","Chordata","Actinopteri","","","",""
"230","ASV230",6072,"Eumetazoa","no rank",1,"Metazoa","","","","","",""
"231","ASV231",6072,"Eumetazoa","no rank",1,"Metazoa","","","","","",""
"232","ASV232",186623,"Actinopteri","class",1,"Metazoa","Chordata","Actinopteri","","","",""
"233","ASV233",8016,"Oncorhynchus","genus",NA,"Metazoa","Chordata","Actinopteri","Salmoniformes","Salmonidae","Oncorhynchus",""
"234","ASV234",8048,"Gadus","genus",NA,"Metazoa","Chordata","Actinopteri","Gadiformes","Gadidae","Gadus",""
"235","ASV235",8256,"Pleuronectidae","family",NA,"Metazoa","Chordata","Actinopteri","Pleuronectiformes","Pleuronectidae","",""
"236","ASV236",186623,"Actinopteri","class",1,"Metazoa","Chordata","Actinopteri","","","",""
"237","ASV237",186623,"Actinopteri","class",1,"Metazoa","Chordata","Actinopteri","","","",""
"238","ASV238",1,"root","no rank",1,"","","","","","",""
"239","ASV239",8016,"Oncorhynchus","genus",NA,"Metazoa","Chordata","Actinopteri","Salmoniformes","Salmonidae","Oncorhynchus",""
"240","ASV240",182445,"Leuroglossus","genus",NA,"Metazoa","Chordata","Actinopteri","Argentiniformes","Bathylagidae","Leuroglossus",""
"241","ASV241",283031,"Xiphister mucosus","species",NA,"Metazoa","Chordata","Actinopteri","Perciformes","Stichaeidae","Xiphister","Xiphister mucosus"
"242","ASV242",186623,"Actinopteri","class",1,"Metazoa","Chordata","Actinopteri","","","",""
"243","ASV243",69293,"Gasterosteus aculeatus","species",NA,"Metazoa","Chordata","Actinopteri","Perciformes","Gasterosteidae","Gasterosteus","Gasterosteus aculeatus"
"244","ASV244",6072,"Eumetazoa","no rank",1,"Metazoa","","","","","",""
"245","ASV245",1042646,"Gadus chalcogrammus","species",NA,"Metazoa","Chordata","Actinopteri","Gadiformes","Gadidae","Gadus","Gadus chalcogrammus"
"246","ASV246",186623,"Actinopteri","class",1,"Metazoa","Chordata","Actinopteri","","","",""
"247","ASV247",186623,"Actinopteri","class",1,"Metazoa","Chordata","Actinopteri","","","",""
"248","ASV248",8048,"Gadus","genus",NA,"Metazoa","Chordata","Actinopteri","Gadiformes","Gadidae","Gadus",""
"249","ASV249",1,"root","no rank",1,"","","","","","",""
"250","ASV250",186623,"Actinopteri","class",1,"Metazoa","Chordata","Actinopteri","","","",""
"251","ASV251",8256,"Pleuronectidae","family",NA,"Metazoa","Chordata","Actinopteri","Pleuronectiformes","Pleuronectidae","",""
"252","ASV252",186623,"Actinopteri","class",1,"Metazoa","Chordata","Actinopteri","","","",""
"253","ASV253",8256,"Pleuronectidae","family",NA,"Metazoa","Chordata","Actinopteri","Pleuronectiformes","Pleuronectidae","",""
"254","ASV254",186623,"Actinopteri","class",1,"Metazoa","Chordata","Actinopteri","","","",""
"255","ASV255",6072,"Eumetazoa","no rank",1,"Metazoa","","","","","",""
"256","ASV256",123240,"Stenobrachius nannochir","species",NA,"Metazoa","Chordata","Actinopteri","Myctophiformes","Myctophidae","Stenobrachius","Stenobrachius nannochir"
"257","ASV257",6072,"Eumetazoa","no rank",1,"Metazoa","","","","","",""
"258","ASV258",6072,"Eumetazoa","no rank",1,"Metazoa","","","","","",""
"259","ASV259",6072,"Eumetazoa","no rank",1,"Metazoa","","","","","",""
"260","ASV260",6072,"Eumetazoa","no rank",1,"Metazoa","","","","","",""
"261","ASV261",1,"root","no rank",1,"","","","","","",""
"262","ASV262",182230,"Osmerinae","subfamily",NA,"Metazoa","Chordata","Actinopteri","Osmeriformes","Osmeridae","",""
"263","ASV263",1,"root","no rank",1,"","","","","","",""
"264","ASV264",1,"root","no rank",1,"","","","","","",""
"265","ASV265",186623,"Actinopteri","class",1,"Metazoa","Chordata","Actinopteri","","","",""
"266","ASV266",8048,"Gadus","genus",NA,"Metazoa","Chordata","Actinopteri","Gadiformes","Gadidae","Gadus",""
"267","ASV267",6072,"Eumetazoa","no rank",1,"Metazoa","","","","","",""
"268","ASV268",186623,"Actinopteri","class",1,"Metazoa","Chordata","Actinopteri","","","",""
"269","ASV269",6072,"Eumetazoa","no rank",1,"Metazoa","","","","","",""
"270","ASV270",6072,"Eumetazoa","no rank",1,"Metazoa","","","","","",""
"271","ASV271",8256,"Pleuronectidae","family",NA,"Metazoa","Chordata","Actinopteri","Pleuronectiformes","Pleuronectidae","",""
"272","ASV272",1,"root","no rank",1,"","","","","","",""
"273","ASV273",6072,"Eumetazoa","no rank",1,"Metazoa","","","","","",""
"274","ASV274",6072,"Eumetazoa","no rank",1,"Metazoa","","","","","",""
"275","ASV275",8045,"Gadidae","family",NA,"Metazoa","Chordata","Actinopteri","Gadiformes","Gadidae","",""
"276","ASV276",8048,"Gadus","genus",NA,"Metazoa","Chordata","Actinopteri","Gadiformes","Gadidae","Gadus",""
"277","ASV277",33213,"Bilateria","no rank",1,"Metazoa","","","","","",""
"278","ASV278",274705,"Sebastinae","subfamily",NA,"Metazoa","Chordata","Actinopteri","Perciformes","Sebastidae","",""
"279","ASV279",6072,"Eumetazoa","no rank",1,"Metazoa","","","","","",""
"280","ASV280",214925,"Leptocottus armatus","species",NA,"Metazoa","Chordata","Actinopteri","Perciformes","Cottidae","Leptocottus","Leptocottus armatus"
"281","ASV281",980336,"Lumpenus fabricii","species",NA,"Metazoa","Chordata","Actinopteri","Perciformes","Stichaeidae","Lumpenus","Lumpenus fabricii"
"282","ASV282",6072,"Eumetazoa","no rank",1,"Metazoa","","","","","",""
"283","ASV283",433390,"Hemilepidotus hemilepidotus","species",NA,"Metazoa","Chordata","Actinopteri","Perciformes","Cottidae","Hemilepidotus","Hemilepidotus hemilepidotus"
"284","ASV284",6072,"Eumetazoa","no rank",1,"Metazoa","","","","","",""
"285","ASV285",6072,"Eumetazoa","no rank",1,"Metazoa","","","","","",""
"286","ASV286",6072,"Eumetazoa","no rank",1,"Metazoa","","","","","",""
"287","ASV287",34820,"Sebastes","genus",NA,"Metazoa","Chordata","Actinopteri","Perciformes","Sebastidae","Sebastes",""
"288","ASV288",6072,"Eumetazoa","no rank",1,"Metazoa","","","","","",""
"289","ASV289",6072,"Eumetazoa","no rank",1,"Metazoa","","","","","",""
"290","ASV290",6072,"Eumetazoa","no rank",1,"Metazoa","","","","","",""
"291","ASV291",6072,"Eumetazoa","no rank",1,"Metazoa","","","","","",""
"292","ASV292",6072,"Eumetazoa","no rank",1,"Metazoa","","","","","",""
"293","ASV293",186623,"Actinopteri","class",1,"Metazoa","Chordata","Actinopteri","","","",""
"294","ASV294",186623,"Actinopteri","class",1,"Metazoa","Chordata","Actinopteri","","","",""
"295","ASV295",186623,"Actinopteri","class",1,"Metazoa","Chordata","Actinopteri","","","",""
"296","ASV296",6072,"Eumetazoa","no rank",1,"Metazoa","","","","","",""
"297","ASV297",6072,"Eumetazoa","no rank",1,"Metazoa","","","","","",""
"298","ASV298",9606,"Homo sapiens","species",NA,"Metazoa","Chordata","Mammalia","Primates","Hominidae","Homo","Homo sapiens"
"299","ASV299",6072,"Eumetazoa","no rank",1,"Metazoa","","","","","",""
"300","ASV300",6072,"Eumetazoa","no rank",1,"Metazoa","","","","","",""
"301","ASV301",186623,"Actinopteri","class",1,"Metazoa","Chordata","Actinopteri","","","",""
"302","ASV302",186623,"Actinopteri","class",1,"Metazoa","Chordata","Actinopteri","","","",""
"303","ASV303",186623,"Actinopteri","class",1,"Metazoa","Chordata","Actinopteri","","","",""
"304","ASV304",1,"root","no rank",1,"","","","","","",""
"305","ASV305",6072,"Eumetazoa","no rank",1,"Metazoa","","","","","",""
"306","ASV306",6072,"Eumetazoa","no rank",1,"Metazoa","","","","","",""
"307","ASV307",186623,"Actinopteri","class",1,"Metazoa","Chordata","Actinopteri","","","",""
"308","ASV308",6072,"Eumetazoa","no rank",1,"Metazoa","","","","","",""
"309","ASV309",6072,"Eumetazoa","no rank",1,"Metazoa","","","","","",""
"310","ASV310",6072,"Eumetazoa","no rank",1,"Metazoa","","","","","",""
"311","ASV311",1,"root","no rank",1,"","","","","","",""
"312","ASV312",6072,"Eumetazoa","no rank",1,"Metazoa","","","","","",""
"313","ASV313",6072,"Eumetazoa","no rank",1,"Metazoa","","","","","",""
"314","ASV314",6072,"Eumetazoa","no rank",1,"Metazoa","","","","","",""
"315","ASV315",6072,"Eumetazoa","no rank",1,"Metazoa","","","","","",""
"316","ASV316",6072,"Eumetazoa","no rank",1,"Metazoa","","","","","",""
"317","ASV317",6072,"Eumetazoa","no rank",1,"Metazoa","","","","","",""
"318","ASV318",1,"root","no rank",1,"","","","","","",""
"319","ASV319",6072,"Eumetazoa","no rank",1,"Metazoa","","","","","",""
"320","ASV320",6072,"Eumetazoa","no rank",1,"Metazoa","","","","","",""
"321","ASV321",6072,"Eumetazoa","no rank",1,"Metazoa","","","","","",""
"322","ASV322",6072,"Eumetazoa","no rank",1,"Metazoa","","","","","",""
"323","ASV323",6072,"Eumetazoa","no rank",1,"Metazoa","","","","","",""
"324","ASV324",186623,"Actinopteri","class",1,"Metazoa","Chordata","Actinopteri","","","",""
"325","ASV325",6072,"Eumetazoa","no rank",1,"Metazoa","","","","","",""
"326","ASV326",1,"root","no rank",1,"","","","","","",""
"327","ASV327",6072,"Eumetazoa","no rank",1,"Metazoa","","","","","",""
"328","ASV328",6072,"Eumetazoa","no rank",1,"Metazoa","","","","","",""
"329","ASV329",1,"root","no rank",1,"","","","","","",""
"330","ASV330",6072,"Eumetazoa","no rank",1,"Metazoa","","","","","",""
"331","ASV331",6072,"Eumetazoa","no rank",1,"Metazoa","","","","","",""
"332","ASV332",6072,"Eumetazoa","no rank",1,"Metazoa","","","","","",""
"333","ASV333",6072,"Eumetazoa","no rank",1,"Metazoa","","","","","",""
"334","ASV334",1,"root","no rank",1,"","","","","","",""
"335","ASV335",6072,"Eumetazoa","no rank",1,"Metazoa","","","","","",""
"336","ASV336",33213,"Bilateria","no rank",1,"Metazoa","","","","","",""
"337","ASV337",6072,"Eumetazoa","no rank",1,"Metazoa","","","","","",""
"338","ASV338",8095,"Myoxocephalus","genus",NA,"Metazoa","Chordata","Actinopteri","Perciformes","Cottidae","Myoxocephalus",""
"339","ASV339",1,"root","no rank",1,"","","","","","",""
"340","ASV340",8045,"Gadidae","family",NA,"Metazoa","Chordata","Actinopteri","Gadiformes","Gadidae","",""
"341","ASV341",1,"root","no rank",1,"","","","","","",""
"342","ASV342",1,"root","no rank",1,"","","","","","",""
"343","ASV343",6072,"Eumetazoa","no rank",1,"Metazoa","","","","","",""
"344","ASV344",6072,"Eumetazoa","no rank",1,"Metazoa","","","","","",""
"345","ASV345",6072,"Eumetazoa","no rank",1,"Metazoa","","","","","",""
"346","ASV346",6072,"Eumetazoa","no rank",1,"Metazoa","","","","","",""
"347","ASV347",6072,"Eumetazoa","no rank",1,"Metazoa","","","","","",""
"348","ASV348",33213,"Bilateria","no rank",1,"Metazoa","","","","","",""
"349","ASV349",1,"root","no rank",1,"","","","","","",""
"350","ASV350",1,"root","no rank",1,"","","","","","",""
"351","ASV351",6072,"Eumetazoa","no rank",1,"Metazoa","","","","","",""
"352","ASV352",6072,"Eumetazoa","no rank",1,"Metazoa","","","","","",""
"353","ASV353",1,"root","no rank",1,"","","","","","",""
"354","ASV354",1,"root","no rank",1,"","","","","","",""
"355","ASV355",1,"root","no rank",1,"","","","","","",""
"356","ASV356",1,"root","no rank",1,"","","","","","",""
"357","ASV357",1,"root","no rank",1,"","","","","","",""
"358","ASV358",1,"root","no rank",1,"","","","","","",""
"359","ASV359",6072,"Eumetazoa","no rank",1,"Metazoa","","","","","",""
"360","ASV360",6072,"Eumetazoa","no rank",1,"Metazoa","","","","","",""
"361","ASV361",6072,"Eumetazoa","no rank",1,"Metazoa","","","","","",""
"362","ASV362",6072,"Eumetazoa","no rank",1,"Metazoa","","","","","",""
"363","ASV363",1,"root","no rank",1,"","","","","","",""
"364","ASV364",6072,"Eumetazoa","no rank",1,"Metazoa","","","","","",""
"365","ASV365",6072,"Eumetazoa","no rank",1,"Metazoa","","","","","",""
"366","ASV366",6072,"Eumetazoa","no rank",1,"Metazoa","","","","","",""
"367","ASV367",6072,"Eumetazoa","no rank",1,"Metazoa","","","","","",""
"368","ASV368",6072,"Eumetazoa","no rank",1,"Metazoa","","","","","",""
"369","ASV369",6072,"Eumetazoa","no rank",1,"Metazoa","","","","","",""
"370","ASV370",6072,"Eumetazoa","no rank",1,"Metazoa","","","","","",""
"371","ASV371",1,"root","no rank",1,"","","","","","",""
"372","ASV372",6072,"Eumetazoa","no rank",1,"Metazoa","","","","","",""
"373","ASV373",6072,"Eumetazoa","no rank",1,"Metazoa","","","","","",""
"374","ASV374",6072,"Eumetazoa","no rank",1,"Metazoa","","","","","",""
"375","ASV375",1,"root","no rank",1,"","","","","","",""
"376","ASV376",6072,"Eumetazoa","no rank",1,"Metazoa","","","","","",""
"377","ASV377",6072,"Eumetazoa","no rank",1,"Metazoa","","","","","",""
"378","ASV378",6072,"Eumetazoa","no rank",1,"Metazoa","","","","","",""
"379","ASV379",6072,"Eumetazoa","no rank",1,"Metazoa","","","","","",""
"380","ASV380",1,"root","no rank",1,"","","","","","",""
"381","ASV381",1,"root","no rank",1,"","","","","","",""
"382","ASV382",6072,"Eumetazoa","no rank",1,"Metazoa","","","","","",""
"383","ASV383",1,"root","no rank",1,"","","","","","",""
"384","ASV384",1,"root","no rank",1,"","","","","","",""
"385","ASV385",1,"root","no rank",1,"","","","","","",""
"386","ASV386",6072,"Eumetazoa","no rank",1,"Metazoa","","","","","",""
"387","ASV387",6072,"Eumetazoa","no rank",1,"Metazoa","","","","","",""
"388","ASV388",6072,"Eumetazoa","no rank",1,"Metazoa","","","","","",""
"389","ASV389",6072,"Eumetazoa","no rank",1,"Metazoa","","","","","",""
"390","ASV390",6072,"Eumetazoa","no rank",1,"Metazoa","","","","","",""
"391","ASV391",6072,"Eumetazoa","no rank",1,"Metazoa","","","","","",""
"392","ASV392",6072,"Eumetazoa","no rank",1,"Metazoa","","","","","",""
"393","ASV393",6072,"Eumetazoa","no rank",1,"Metazoa","","","","","",""
"394","ASV394",6072,"Eumetazoa","no rank",1,"Metazoa","","","","","",""
"395","ASV395",1,"root","no rank",1,"","","","","","",""
"396","ASV396",6072,"Eumetazoa","no rank",1,"Metazoa","","","","","",""
"397","ASV397",6072,"Eumetazoa","no rank",1,"Metazoa","","","","","",""
"398","ASV398",6072,"Eumetazoa","no rank",1,"Metazoa","","","","","",""
"399","ASV399",1,"root","no rank",1,"","","","","","",""
"400","ASV400",1,"root","no rank",1,"","","","","","",""
"401","ASV401",33213,"Bilateria","no rank",1,"Metazoa","","","","","",""
"402","ASV402",6072,"Eumetazoa","no rank",1,"Metazoa","","","","","",""
"403","ASV403",186623,"Actinopteri","class",1,"Metazoa","Chordata","Actinopteri","","","",""
"404","ASV404",6072,"Eumetazoa","no rank",1,"Metazoa","","","","","",""
"405","ASV405",72449,"Hexagrammos","genus",NA,"Metazoa","Chordata","Actinopteri","Perciformes","Hexagrammidae","Hexagrammos",""
"406","ASV406",186623,"Actinopteri","class",1,"Metazoa","Chordata","Actinopteri","","","",""
"407","ASV407",1,"root","no rank",1,"","","","","","",""
"408","ASV408",1,"root","no rank",1,"","","","","","",""
"409","ASV409",1,"root","no rank",1,"","","","","","",""
"410","ASV410",1,"root","no rank",1,"","","","","","",""
"411","ASV411",1,"root","no rank",1,"","","","","","",""
